Title,Link,Min Purchase,Available Stock,Price,Currency,Seller,Description
❤️ 1-85 Cataclysm Leveling (4-5 Days) - All Gold and Loot ❤️,https://www.g2g.com/offer/---1-85-Cataclysm-Leveling--4-5-Days----All-Gold-and-Loot---?service_id=lgc_service_18&brand_id=lgc_game_29076&region_id=ac3f85c1-7562-437e-b125-e89576b9a38e&offer_id=84788311,Min. 1,9.9k,41.22,USD,DealHub,"◄ Service Details |  | -After placing an order contact us via G2G chat to start your process | -Service will start 1 to 24 hours after your purchase ( 95% of our services will start 30 Minutes after purchase) more details will be given in G2G Chat | -For any custom offer you want you can contact us we can add anything as an extra service to stream to your order for an additional fee and for other info contact us first. |  | ◄ About DealHub |  | -We are a highly professional boosting group with more than 15 years of experience with more than 8k boosters and suppliers on all games experts on their jobs. | -One-stop shop for all your gaming needs Whether you seek top-quality services or the best prices you can find on all the markets, we got you covered. | -All of our boosters have to pass an interview before being allowed to boost in DealHub. Our top priority is to make sure there are no cheats, | bots or people who can't properly communicate with our dear clients. | -Best value for your money, We carefully monitor the market every day to get you the best deals from top-level professional suppliers/boosters. | -We appreciate your time. DealHub support is constantly being improved to make your orders run as smoothly and quickly as possible 24/7 and all year. | -One thing we will never do is deceive our customers in any way. Before placing an order you may freely chat with our support for guidance and help. | -The Booster gets paid only when the order is finished and confirmed. You are protected by the DealHub. | -The greatest products are always created with passion and attention. We never ignore our clients and partners. We are open to criticism and don't fear making mistakes. |  | ◄ DealHub Offer |  | https://www.g2g.com/DealHub |  | ❤️ Where fantasies come to life – DealHub ❤️"
✨️80-85 Leveling [1-2 days] (+VPN +All Gold/Loot) ✨️{For Custom Package Contact Us},https://www.g2g.com/offer/--80-85-Leveling--1-2-days----VPN--All-Gold-Loot-----For-Custom-Package-Contact-Us-?service_id=lgc_service_18&brand_id=lgc_game_29076&region_id=ac3f85c1-7562-437e-b125-e89576b9a38e&offer_id=58138178,Min. 1,599,11.90,USD,OpenLimits,"✨️ Welcome to OpenLimits - Your Premier Game Boosting Family! ❤️ | Placing Your Order: |  | After your order is placed, immediately contact us via G2G chat to initiate the process. | We offer negotiable pricing and the possibility of streaming—please inquire before adding this feature. | Why Choose Us? |  | Experience: 15 years of excellence in gaming services. | Expertise: A professional team of top-tier players dedicated to providing the best outcomes. | Safety and Authenticity: Each order is fulfilled with genuine, handmade gameplay, enhanced with VPN security tailored to your location. | Our Commitment: |  | We promise unmatched service quality, competitive pricing, and rapid delivery. | Issues? We're here to resolve them promptly and efficiently. | Availability: |  | Our friendly and professional customer support is available 24/7 via G2G chat. | Exclusive Offers: |  | Frequent discounts for returning customers. | Explore all our services through our store link and join the OpenLimits family for special deals. | Guidelines: |  | All transactions must be conducted through G2G.com. | Contact Us: |  | Any questions? Reach out anytime through G2G chat. | ❤️ Thank you for choosing OpenLimits! ❤️"
⚡ Cataclysm Custom Any Professions KIT/DIY (1-525) - Contact us ⚡,https://www.g2g.com/offer/--Cataclysm-Custom-Any-Professions-KIT-DIY--1-525----Contact-us--?service_id=lgc_service_18&brand_id=lgc_game_29076&region_id=ac3f85c1-7562-437e-b125-e89576b9a38e&offer_id=44753924,Min. 1,1.1k,14.99,USD,WowMarket,"Cataclysm Classic Professions Kits and get a package of resources enough for reaching 525 level of profession you need. With this service you will be able to skip the boringness of resources farming, but complete the overall leveling yourself, crafting various items and learning gameplay mechanics of your professions. Just buy Cataclysm Professions Kits boost and get the resources you need as quickly as possible."
❤️ Full Elite Honor Gear Farm ( 403 ilvl Set + 397 ilvl Weapon) – MoP Pre Patch ( Ex Conquest Gear ) ❤️,https://www.g2g.com/offer/---Full-Elite-Honor-Gear-Farm---403-ilvl-Set---397-ilvl-Weapon-----MoP-Pre-Patch---Ex-Conquest-Gear------?service_id=lgc_service_18&brand_id=lgc_game_29076&region_id=ac3f85c1-7562-437e-b125-e89576b9a38e&offer_id=84788289,Min. 1,9.9k,38.65,USD,DealHub,"◄ Service Details |  | -After placing an order contact us via G2G chat to start your process | -Service will start 1 to 24 hours after your purchase ( 95% of our services will start 30 Minutes after purchase) more details will be given in G2G Chat | -For any custom offer you want you can contact us we can add anything as an extra service to stream to your order for an additional fee and for other info contact us first. |  | ◄ About DealHub |  | -We are a highly professional boosting group with more than 15 years of experience with more than 8k boosters and suppliers on all games experts on their jobs. | -One-stop shop for all your gaming needs Whether you seek top-quality services or the best prices you can find on all the markets, we got you covered. | -All of our boosters have to pass an interview before being allowed to boost in DealHub. Our top priority is to make sure there are no cheats, | bots or people who can't properly communicate with our dear clients. | -Best value for your money, We carefully monitor the market every day to get you the best deals from top-level professional suppliers/boosters. | -We appreciate your time. DealHub support is constantly being improved to make your orders run as smoothly and quickly as possible 24/7 and all year. | -One thing we will never do is deceive our customers in any way. Before placing an order you may freely chat with our support for guidance and help. | -The Booster gets paid only when the order is finished and confirmed. You are protected by the DealHub. | -The greatest products are always created with passion and attention. We never ignore our clients and partners. We are open to criticism and don't fear making mistakes. |  | ◄ DealHub Offer |  | https://www.g2g.com/DealHub |  | ❤️ Where fantasies come to life – DealHub ❤️"
⭐⚡Wow Mists Of Pandaria FULL Pre-Raid 384+ iLvl Gear (Obsidian Fragment Farm)⭐⚡,https://www.g2g.com/offer/--Wow-Mists-Of-Pandaria-FULL-Pre-Raid-384--iLvl-Gear--Obsidian-Fragment-Farm---?service_id=lgc_service_18&brand_id=lgc_game_29076&region_id=ac3f85c1-7562-437e-b125-e89576b9a38e&offer_id=90081153,Min. 1,9.6k,95.41,USD,bestyshop,Dm Us For More Info
❤️ 60x Obsidian Fragments Farm (Protocol Twilight Heroic++) - Cataclysm PVE Boost ❤️,https://www.g2g.com/offer/---60x-Obsidian-Fragments-Farm--Protocol-Twilight-Heroic------Cataclysm-PVE-Boost---?service_id=lgc_service_18&brand_id=lgc_game_29076&region_id=ac3f85c1-7562-437e-b125-e89576b9a38e&offer_id=87961105,Min. 1,9.9k,10.75,USD,DealHub,"◄ Service Details |  | -After placing an order contact us via G2G chat to start your process | -Service will start 1 to 24 hours after your purchase ( 95% of our services will start 30 Minutes after purchase) more details will be given in G2G Chat | -For any custom offer you want you can contact us we can add anything as an extra service to stream to your order for an additional fee and for other info contact us first. |  | ◄ About DealHub |  | -We are a highly professional boosting group with more than 15 years of experience with more than 8k boosters and suppliers on all games experts on their jobs. | -One-stop shop for all your gaming needs Whether you seek top-quality services or the best prices you can find on all the markets, we got you covered. | -All of our boosters have to pass an interview before being allowed to boost in DealHub. Our top priority is to make sure there are no cheats, | bots or people who can't properly communicate with our dear clients. | -Best value for your money, We carefully monitor the market every day to get you the best deals from top-level professional suppliers/boosters. | -We appreciate your time. DealHub support is constantly being improved to make your orders run as smoothly and quickly as possible 24/7 and all year. | -One thing we will never do is deceive our customers in any way. Before placing an order you may freely chat with our support for guidance and help. | -The Booster gets paid only when the order is finished and confirmed. You are protected by the DealHub. | -The greatest products are always created with passion and attention. We never ignore our clients and partners. We are open to criticism and don't fear making mistakes. |  | ◄ DealHub Offer |  | https://www.g2g.com/DealHub |  | ❤️ Where fantasies come to life – DealHub ❤️"
DRAGON SOUL HEROIC | FULL LOOT PRIORITY | 8/8 HEROIC,https://www.g2g.com/offer/DRAGON-SOUL-HEROIC---FULL-LOOT-PRIORITY---8-8-HEROIC?service_id=lgc_service_18&brand_id=lgc_game_29076&region_id=ac3f85c1-7562-437e-b125-e89576b9a38e&offer_id=89419242,Min. 1,9,181.16,USD,NoggenHorde,Dragon soul raid boost. Full loot priority for any spec or class. Multiple raid days possible. Self-play or piloted with our professional boosting team. |  | DM before buying
Custom,https://www.g2g.com/offer/Custom?service_id=lgc_service_18&brand_id=lgc_game_29076&region_id=ac3f85c1-7562-437e-b125-e89576b9a38e&offer_id=90026865,Min. 1,774,300.00,USD,GoldNGlory,Custom
"Gearing to item level 390 + ✅ Gear score 10,000 + ✅ ⭐ Instant delivery ⭐",https://www.g2g.com/offer/Gearing-to-item-level-390------Gear-score-10-000-------Instant-delivery--?service_id=lgc_service_18&brand_id=lgc_game_29076&region_id=dfced32f-2f0a-4df5-a218-1e068cfadffa&offer_id=88989760,Min. 1,13.3k,75.00,USD,vivic,Will start 10 mins after ordering
☸️ MOP 85-90 Leveling (WoW Pandaria) | 1 to 90 MOP Leveling ✴️,https://www.g2g.com/offer/---MOP-85-90-Leveling--WoW-Pandaria----1-to-90-MOP-Leveling---?service_id=lgc_service_18&brand_id=lgc_game_29076&region_id=dfced32f-2f0a-4df5-a218-1e068cfadffa&offer_id=69248176,Min. 1,89,89.00,USD,BoostRoom,"⭐ SERVICE / PRODUCT DETAILS ⭐ |  | Once you made the order please message us via G2G chat to proceed with start and delivery. |  | The service will start as soon as possible after you make the purchase. | For any additional info please contact us via our website Live Chat, thanks in advance |  | ⭐ ABOUT BOOSTROOM (OUR TEAM) ⭐ |  | We are a well organized and highly professional boosting group of top skilled players. | Almost 10 years of experience in helping our buyers to achieve desired things in games. | Our goal is to provide and maintain top quality service and fair prices on the market. |  |  | ⭐ OUR RULES ⭐ |  | Only the best boosters will be assigned to complete your order. | We will take all measurements to increase the safety of the boost. | Every order will be finished via 100% handmade legit play. | In case of problems, BoostRoom will always sort them out. |  |  | ⭐ AVAILABILITY ⭐ |  | Boostroom customer support is available 24/7 during the entire year. | You can contact us at any time via G2G chat. | We are very friendly but at the same time professional to ensure the best service and buyer's satisfaction. | Don't hesitate to message us and ask anything you are looking for. |  |  | ⭐ OUR SERVICES ⭐ |  | You can check all our offers on our store link. |  | All games / All offers: | https://www.g2g.com/BoostRoom/store |  |  | ⭐ DISCOUNTS ⭐ |  | We value and respect every returning customer. | Therefore we often make a great discount to our loyal buyers. | Build relations and trust with BoostRoom for awesome deals and even better prices."
✨️1-85 Leveling [4-6 Days] (+VPN +All Gold/Loot)✨️{For Custom Package Contact Us},https://www.g2g.com/offer/--1-85-Leveling--4-6-Days----VPN--All-Gold-Loot----For-Custom-Package-Contact-Us-?service_id=lgc_service_18&brand_id=lgc_game_29076&region_id=ac3f85c1-7562-437e-b125-e89576b9a38e&offer_id=58138286,Min. 1,870,41.99,USD,OpenLimits,"✨️ Welcome to OpenLimits - Your Premier Game Boosting Family! ❤️ | Placing Your Order: |  | After your order is placed, immediately contact us via G2G chat to initiate the process. | We offer negotiable pricing and the possibility of streaming—please inquire before adding this feature. | Why Choose Us? |  | Experience: 15 years of excellence in gaming services. | Expertise: A professional team of top-tier players dedicated to providing the best outcomes. | Safety and Authenticity: Each order is fulfilled with genuine, handmade gameplay, enhanced with VPN security tailored to your location. | Our Commitment: |  | We promise unmatched service quality, competitive pricing, and rapid delivery. | Issues? We're here to resolve them promptly and efficiently. | Availability: |  | Our friendly and professional customer support is available 24/7 via G2G chat. | Exclusive Offers: |  | Frequent discounts for returning customers. | Explore all our services through our store link and join the OpenLimits family for special deals. | Guidelines: |  | All transactions must be conducted through G2G.com. | Contact Us: |  | Any questions? Reach out anytime through G2G chat. | ❤️ Thank you for choosing OpenLimits! ❤️"
⚡[Cataclysm] Full Conquest Gear Boost | VPN and Bags Untouched⚡,https://www.g2g.com/offer/--Cataclysm--Full-Conquest-Gear-Boost---VPN-and-Bags-Untouched-?service_id=lgc_service_18&brand_id=lgc_game_29076&region_id=dfced32f-2f0a-4df5-a218-1e068cfadffa&offer_id=34601353,Min. 1,1.1k,41.99,USD,WowMarket,"Once you made the order please contact us via G2G chat to proceed with start and delivery. |  | The service will start as fast as possible after you make the purchase. | For any additional info please contact us via G2G Chat, thanks in advance | Streaming is possible, contact us for more info regarding that before buying. |  | ◄ What makes WowMarket different than other shops? |  | ✔️ More than 10 years of experience | ✔️ Having Number one recommenced offers across all games, and being able to provide any service on a variety of games. | ✔️ Fastest speed ⚡ more than 90% of orders are delivered within 1 hour. | ✔️ The most secure ways of trading and 100% handmade legit boost. | ✔️ Customer support (REAL HUMAN) is available 24/7 during the entire year. | ✔️ Trying our best to provide competitive price withholding the best quality |  | ◄ What you can expect | All gold and other goods received during leveling or services stay on the client account. | Your account is safe and protected from a ban. On your demand, a VPN can be set to match your country's location. | All of our boosts are done 100% handmade and in a legit way via our professional players. | We have 24/7 customer service which can provide you with any update you need or info regard of your boost. | We can make a schedule so you can use your account during the order. | Delivery time depends on the complexity of your order and how much it has to be done | As always, we will give our best to finish it in the shortest time |  | ◄ Work time ⌚️ | Customer support is available 24/7 during the entire year. | You can contact us at any time via G2G chat. | Don't hesitate to message us and ask for anything you are looking for. |  | ◄ Our offers | Check out all of our offers on our store link: |  | - | - | ◄ Discounts | We have a discount system for our loyal clients | We value and respect every returning customer. | Build relations and trust with our team for awesome deals and even better prices. |  | Thanks for reading this | Sincerely WowMarket Team ❤️"
⚡Pandaria 80-85 Leveling Service + 2x Max Profession [VPN]⚡,https://www.g2g.com/offer/-Pandaria-80-85-Leveling-Service---2x-Max-Profession--VPN--?service_id=lgc_service_18&brand_id=lgc_game_29076&region_id=ac3f85c1-7562-437e-b125-e89576b9a38e&offer_id=33631695,Min. 1,1.1k,44.90,USD,WowMarket,"Looking for the ultimate leveling and gear up package? Look on further than our Perfect service! Our expert players will level your character from 80-85 while your Character have Weapon+Trinket 359. Plus, with abundant rewards including loot and gold, you'll be well on your way to success. And don't worry about your account security – our service includes a VPN for extra protection and peace of mind. Trust us to deliver the perfect trio of services to elevate your gameplay experience to the next level!"
✅ UAH/KZT/TRY balance,https://www.g2g.com/offer/--UAH-KZT-TRY-balance?service_id=lgc_service_18&brand_id=lgc_game_29076&region_id=ac3f85c1-7562-437e-b125-e89576b9a38e&offer_id=86873858,Min. 1,97,36.23,USD,METAMMO,Help with payments if card from your country is not accepted by blizzard. |  | Contact us in chat for more details.
"⚡ Go from Zero to Hero with Our Premium 1-85 Leveling Service! Handmade Progress, 24/7 Support ⚡",https://www.g2g.com/offer/--Go-from-Zero-to-Hero-with-Our-Premium-1-85-Leveling-Service--Handmade-Progress--24-7-Support--?service_id=lgc_service_18&brand_id=lgc_game_29076&region_id=ac3f85c1-7562-437e-b125-e89576b9a38e&offer_id=33631896,Min. 1,1.1k,41.15,USD,WowMarket,"Are you tired of grinding endlessly and making slow progress in World of Warcraft? Our premium 1-80 leveling service will take your character from zero to hero in no time! With our expert team of players, your progress will be handmade, ensuring the highest level of care and attention. Our 24/7 support team is always on standby to answer any questions you may have and provide you with updates on your character's progress. Trust and satisfaction are our top priorities, and we guarantee both with our premium service. Don't settle for less – choose our service and become the hero you were meant to be!"
"⚡[30 Hour Blitz] Pandaria 80-85 Leveling Service, Bags Untouched+VPN⚡",https://www.g2g.com/offer/--30-Hour-Blitz--Pandaria-80-85-Leveling-Service--Bags-Untouched-VPN-?service_id=lgc_service_18&brand_id=lgc_game_29076&region_id=ac3f85c1-7562-437e-b125-e89576b9a38e&offer_id=33631875,Min. 1,1k,11.89,USD,WowMarket,"Experience the thrill of a 30-hour gameplay leveling blitz from 80 to 85 with our lightning-fast service. With untouched bags and secure VPN, trust us to power-level your character with lightning speed. Get ready to conquer the world of Azeroth in no time."
8000 CONQUESTS POINT ❤️ CATACLYSM,https://www.g2g.com/offer/8000-CONQUESTS-POINT----CATACLYSM-?service_id=lgc_service_18&brand_id=lgc_game_29076&region_id=dfced32f-2f0a-4df5-a218-1e068cfadffa&offer_id=89815201,Min. 1,9.9k,24.00,USD,BOOST42,"✅ ATTENTION ✅ IF YOU WOULD LIKE TO ORDER A CUSTOM PACKAGE , KINDLY CONTACT US G2G CHAT. WE WILL CREATE A CUSTOM PACKAGE FOR YOU TO PLACE ORDER. |  |  | ❤️ WE WILL START YOUR ORDER IMMEDIATELY AFTER PURCHASE | ⏳ (if the booster is not busy, ask me in chat G2G) |  | ⭐ HOW IT WORKS ⭐ |  | ✅ Be sure to contact us on the G2G chat to discuss all the details before purchasing, such as the price (it may be lower), order start time, delivery time, or creating a custom order. It is important to discuss all the details before purchasing, as you may have a low level character or a low level item, etc. (ETA, amount of gold at the end of the order and more). | ✅ We are the only ones on the g2g site who have no negative reviews, this will ensure that you will be happy with the by order and your account will be safe. You can check it in our profile https://www.g2g.com/BOOST42 - copy link. |  | ⭐ SAFETY ⭐ |  | ✅ 100% ORDER DELIVERY | ✅ NO BOTS/HACKS/BUGS ABUSE | ✅ USING VPN (your country/sity) |  | ⭐ DISCOUNTS ⭐ |  | ✅ We value and respect every returning customer and offer special discounts. get a 5% discount on your second order and a 10% discount on your third order. | ✅ Build relations and trust with boostingwow for awesome deals and even better prices. |  | ⭐ CONTACT US ⭐ |  | ✅ G2G CHAT | ✅ TIME WORK: EVERYDAY 24/7 |  |  | All trades/sales must go through G2G.com | This description is protected by g2g rules, any copying will lead to your blocking on the site |  |  | ❤️ With love BOOST42 ❤️"
⚡[Cataclysm] Full Conquest Gear Boost | +VPN and Bags Untouched⚡,https://www.g2g.com/offer/--Cataclysm--Full-Conquest-Gear-Boost----VPN-and-Bags-Untouched-?service_id=lgc_service_18&brand_id=lgc_game_29076&region_id=ac3f85c1-7562-437e-b125-e89576b9a38e&offer_id=34555294,Min. 1,1k,40.69,USD,WowMarket,"Cataclysm Conquest Points cap to reach weekly cap of 10 completed Arena matches, played by professional and skillful boosters. Each PvP battle has a high chance of making you frustrated an angry due to various factors: low-skilled teammates, unbalanced matchmaking, internet connection. All of that can be easily avoided with our Cataclysm Conquest Points cap boost! WowMarket will get you your Conquest points and get you access to the most powerful PvP gear."
❤️ 80-85 Cataclysm Leveling (16-20 Hours) - All Gold and Loot ❤️,https://www.g2g.com/offer/---80-85-Cataclysm-Leveling--16-20-Hours----All-Gold-and-Loot---?service_id=lgc_service_18&brand_id=lgc_game_29076&region_id=ac3f85c1-7562-437e-b125-e89576b9a38e&offer_id=84788402,Min. 1,9.9k,15.21,USD,DealHub,"◄ Service Details |  | -After placing an order contact us via G2G chat to start your process | -Service will start 1 to 24 hours after your purchase ( 95% of our services will start 30 Minutes after purchase) more details will be given in G2G Chat | -For any custom offer you want you can contact us we can add anything as an extra service to stream to your order for an additional fee and for other info contact us first. |  | ◄ About DealHub |  | -We are a highly professional boosting group with more than 15 years of experience with more than 8k boosters and suppliers on all games experts on their jobs. | -One-stop shop for all your gaming needs Whether you seek top-quality services or the best prices you can find on all the markets, we got you covered. | -All of our boosters have to pass an interview before being allowed to boost in DealHub. Our top priority is to make sure there are no cheats, | bots or people who can't properly communicate with our dear clients. | -Best value for your money, We carefully monitor the market every day to get you the best deals from top-level professional suppliers/boosters. | -We appreciate your time. DealHub support is constantly being improved to make your orders run as smoothly and quickly as possible 24/7 and all year. | -One thing we will never do is deceive our customers in any way. Before placing an order you may freely chat with our support for guidance and help. | -The Booster gets paid only when the order is finished and confirmed. You are protected by the DealHub. | -The greatest products are always created with passion and attention. We never ignore our clients and partners. We are open to criticism and don't fear making mistakes. |  | ◄ DealHub Offer |  | https://www.g2g.com/DealHub |  | ❤️ Where fantasies come to life – DealHub ❤️"
"⚡Blaze through: Pandaria 80-85 + Full Honor Gear, Untouched Bags + VPN ⚡",https://www.g2g.com/offer/-Blaze-through--Pandaria-80-85---Full-Honor-Gear--Untouched-Bags---VPN--?service_id=lgc_service_18&brand_id=lgc_game_29076&region_id=ac3f85c1-7562-437e-b125-e89576b9a38e&offer_id=33631893,Min. 1,1.2k,37.99,USD,WowMarket,"Step into the Arena as a true champion! Our PvP-focused leveling service will take your hero from 80-85 with blazing speed, while earning you Full Honor to equip your hero with top-notch gear. Rest assured, your bags will remain untouched and your account secure with our VPN protection. Prepare to conquer the Blood Arena and emerge victorious against the fearsome Cataclysm!"
✨ [Custom] [Leveling] [UAH/KZT/TRY Payment] [Transfer],https://www.g2g.com/offer/---Custom---Leveling---UAH-KZT-TRY-Payment---Transfer-?service_id=lgc_service_18&brand_id=lgc_game_29076&region_id=ac3f85c1-7562-437e-b125-e89576b9a38e&offer_id=31272160,Min. 1,814,60.39,USD,METAMMO,"Hello there! | Looking for some support to conquer Azeroth? Welcome! |  | METAMMO happy to provide best service for You! :) |  | ✅Service Include: | ⚜️80 level char | ⚜️All gold and items keep on accounts | ⚜️Stream | ⚜️VPN | ❗️Leveling only ba hands without any cheats and bots |  | ✅ Delivery system | Only account sharing |  | ✅ ETA | All boosts are done as fast as possible. We have big team and usually all orders done within 3-5 Days |  | ✉️ If You have questions feel free to contact us via chat in site :) |  | ✅ Why METAMMO? | • We have internal Diablo 2 Team with our own stock | • Trusted and experienced seller | • We always do our work in time. No exceptions and excuses. | • We don't use bots, cheats or exploits. | • Leveling will be performed by professional players with years of experience. | • Everything stays on your account, we don't steal any items or gold | • Our team is located in eastern europe, but we will use VPN to emulate your original location. | • You will receive screenshots showing current progress on a regular basis. | • We are online every day and always open to help"
Dragon soul 8/8 Heroic clear ✅ with full loot prio ✅,https://www.g2g.com/offer/Dragon-soul-8-8-Heroic-clear---with-full-loot-prio--?service_id=lgc_service_18&brand_id=lgc_game_29076&region_id=dfced32f-2f0a-4df5-a218-1e068cfadffa&offer_id=89369321,Min. 1,13.3k,175.00,USD,vivic,This will be done in one evening
⚔️ 1-60 Leveling - Mist of Pandaria ⚔️ | Any Realm + All Loot & Gold,https://www.g2g.com/offer/---1-60-Leveling---Mist-of-Pandaria-------Any-Realm----All-Loot--amp--Gold?service_id=lgc_service_18&brand_id=lgc_game_29076&region_id=dfced32f-2f0a-4df5-a218-1e068cfadffa&offer_id=89441504,Min. 1,9.9k,19.95,USD,MoMoJey,⭐ OUR RULES ⭐ |  | ✅ We Never Use Bots / Cheats / Scripts ... |  | ✅ All Loots Save For Our Customers |  | ✅ Only Best Boosters Do Your Boosts |  | ✅ Using VPN For Accounts Protection |  | ✅ Fast Delivery |  | ✅ 24/7 Support in G2G Chat
Cataclysm | 1-60 Powerleveling | Fast 24/7,https://www.g2g.com/offer/Cataclysm---1-60-Powerleveling---Fast-24-7?service_id=lgc_service_18&brand_id=lgc_game_29076&region_id=ac3f85c1-7562-437e-b125-e89576b9a38e&offer_id=84147100,Min. 1,997,159.50,USD,CNLTeam,"✨Elevate Your Gaming with CNL Team |  | ➤Unleash your gaming potential with CNL Team Services! Our expert team ensures fast, secure, and tailored boosts for a range of titles. |  | ➤Benefit from our 24/7 support, experienced gamers, and custom packages. Achieve your gaming goals effortlessly |  | Choose CNL Team Services for a victory-filled journey! ✨ |  | ✨Ways of boosting: | ➤ Account sharing / piloted only |  | ✦Everything goes via G2G site. | ✦Message me in the chat G2G before ordering please. |  | ➤What you will get: | *Character Leveled | *Alots of Experiencesretai/Currencies |  | You can visit our store for more services: https://www.g2g.com/CNLTeam"
CUSTOM ORDER | DM me if you have any requests,https://www.g2g.com/offer/CUSTOM-ORDER---DM-me-if-you-have-any-requests?service_id=lgc_service_18&brand_id=lgc_game_29076&region_id=ac3f85c1-7562-437e-b125-e89576b9a38e&offer_id=83868518,Min. 1,999.9k,68.00,USD,CNLTeam,"⭐ Welcome to CNLTeam ⭐ |  | ✨DM me if you have any requests |  | *Thank you for choosing us, hope to work with you!"
☸️ MOP 85-90 Leveling (WoW Pandaria) | 1 to 90 MOP Leveling ✴️,https://www.g2g.com/offer/---MOP-85-90-Leveling--WoW-Pandaria----1-to-90-MOP-Leveling---?service_id=lgc_service_18&brand_id=lgc_game_29076&region_id=ac3f85c1-7562-437e-b125-e89576b9a38e&offer_id=86513440,Min. 1,975,89.00,USD,BoostRoom,"⭐ SERVICE / PRODUCT DETAILS ⭐ |  | Once you made the order please message us via G2G chat to proceed with start and delivery. |  | The service will start as soon as possible after you make the purchase. | For any additional info please contact us via our website Live Chat, thanks in advance |  | ⭐ ABOUT BOOSTROOM (OUR TEAM) ⭐ |  | We are a well organized and highly professional boosting group of top skilled players. | Almost 10 years of experience in helping our buyers to achieve desired things in games. | Our goal is to provide and maintain top quality service and fair prices on the market. |  |  | ⭐ OUR RULES ⭐ |  | Only the best boosters will be assigned to complete your order. | We will take all measurements to increase the safety of the boost. | Every order will be finished via 100% handmade legit play. | In case of problems, BoostRoom will always sort them out. |  |  | ⭐ AVAILABILITY ⭐ |  | Boostroom customer support is available 24/7 during the entire year. | You can contact us at any time via G2G chat. | We are very friendly but at the same time professional to ensure the best service and buyer's satisfaction. | Don't hesitate to message us and ask anything you are looking for. |  |  | ⭐ OUR SERVICES ⭐ |  | You can check all our offers on our store link. |  | All games / All offers: | https://www.g2g.com/BoostRoom/store |  |  | ⭐ DISCOUNTS ⭐ |  | We value and respect every returning customer. | Therefore we often make a great discount to our loyal buyers. | Build relations and trust with BoostRoom for awesome deals and even better prices."
⚡Blazing Pandaria 80-85 Leveling + Full Conquest Gear | VPN and Bags Untouched ⚡,https://www.g2g.com/offer/-Blazing-Pandaria-80-85-Leveling---Full-Conquest-Gear---VPN-and-Bags-Untouched--?service_id=lgc_service_18&brand_id=lgc_game_29076&region_id=ac3f85c1-7562-437e-b125-e89576b9a38e&offer_id=33631679,Min. 1,1.1k,47.99,USD,WowMarket,Harness the power of darkness with our lightning-fast 80-85 leveling service. With Conquest Cap for the epic journey and be ready for the ultimate challenge of Cataclysm Classic! Trust our team of experienced gamers to level up your hero with safety and efficiency.
⚡ Prepare Your Hero! | 70-85 Leveling - Contact us for Custom / Bags Untouched+VPN⚡,https://www.g2g.com/offer/--Prepare-Your-Hero----70-85-Leveling---Contact-us-for-Custom---Bags-Untouched-VPN-?service_id=lgc_service_18&brand_id=lgc_game_29076&region_id=ac3f85c1-7562-437e-b125-e89576b9a38e&offer_id=33631665,Min. 1,743,26.99,USD,WowMarket,"Experience the thrill of a 2-3 Days leveling blitz from 70 to 85 with our lightning-fast service. With untouched bags and secure VPN, trust us to power-level your character with lightning speed. Get ready to conquer the world of Azeroth in no time."
✴️ MOP ANY CUSTOM DEAL | CONTACT US! ✴️ MOP 85-90 Leveling (WoW Pandaria) ✴️,https://www.g2g.com/offer/---MOP-ANY-CUSTOM-DEAL---CONTACT-US-----MOP-85-90-Leveling--WoW-Pandaria----?service_id=lgc_service_18&brand_id=lgc_game_29076&region_id=dfced32f-2f0a-4df5-a218-1e068cfadffa&offer_id=68820528,Min. 1,98,126.00,USD,BoostRoom,"⭐ SERVICE / PRODUCT DETAILS ⭐ |  | Once you made the order please message us via G2G chat to proceed with start and delivery. |  | The service will start as soon as possible after you make the purchase. | For any additional info please contact us via our website Live Chat, thanks in advance |  | ⭐ ABOUT BOOSTROOM (OUR TEAM) ⭐ |  | We are a well organized and highly professional boosting group of top skilled players. | Almost 10 years of experience in helping our buyers to achieve desired things in games. | Our goal is to provide and maintain top quality service and fair prices on the market. |  |  | ⭐ OUR RULES ⭐ |  | Only the best boosters will be assigned to complete your order. | We will take all measurements to increase the safety of the boost. | Every order will be finished via 100% handmade legit play. | In case of problems, BoostRoom will always sort them out. |  |  | ⭐ AVAILABILITY ⭐ |  | Boostroom customer support is available 24/7 during the entire year. | You can contact us at any time via G2G chat. | We are very friendly but at the same time professional to ensure the best service and buyer's satisfaction. | Don't hesitate to message us and ask anything you are looking for. |  |  | ⭐ OUR SERVICES ⭐ |  | You can check all our offers on our store link. |  | All games / All offers: | https://www.g2g.com/BoostRoom/store |  |  | ⭐ DISCOUNTS ⭐ |  | We value and respect every returning customer. | Therefore we often make a great discount to our loyal buyers. | Build relations and trust with BoostRoom for awesome deals and even better prices."
❤️ custom order : 120x fragment farm ❤️,https://www.g2g.com/offer/----custom-order---120x-fragment-farm---?service_id=lgc_service_18&brand_id=lgc_game_29076&region_id=dfced32f-2f0a-4df5-a218-1e068cfadffa&offer_id=84788066,Min. 1,9.9k,28.59,USD,DealHub,"◄ Service Details |  | -After placing an order contact us via G2G chat to start your process | -Service will start 1 to 24 hours after your purchase ( 95% of our services will start 30 Minutes after purchase) more details will be given in G2G Chat | -For any custom offer you want you can contact us we can add anything as an extra service to stream to your order for an additional fee and for other info contact us first. |  | ◄ About DealHub |  | -We are a highly professional boosting group with more than 15 years of experience with more than 8k boosters and suppliers on all games experts on their jobs. | -One-stop shop for all your gaming needs Whether you seek top-quality services or the best prices you can find on all the markets, we got you covered. | -All of our boosters have to pass an interview before being allowed to boost in DealHub. Our top priority is to make sure there are no cheats, | bots or people who can't properly communicate with our dear clients. | -Best value for your money, We carefully monitor the market every day to get you the best deals from top-level professional suppliers/boosters. | -We appreciate your time. DealHub support is constantly being improved to make your orders run as smoothly and quickly as possible 24/7 and all year. | -One thing we will never do is deceive our customers in any way. Before placing an order you may freely chat with our support for guidance and help. | -The Booster gets paid only when the order is finished and confirmed. You are protected by the DealHub. | -The greatest products are always created with passion and attention. We never ignore our clients and partners. We are open to criticism and don't fear making mistakes. |  | ◄ DealHub Offer |  | https://www.g2g.com/DealHub |  | ❤️ Where fantasies come to life – DealHub ❤️"
☸️ MOP 1-90 Leveling (WoW Pandaria) | 1 to 90 MOP Leveling ✴️,https://www.g2g.com/offer/---MOP-1-90-Leveling--WoW-Pandaria----1-to-90-MOP-Leveling---?service_id=lgc_service_18&brand_id=lgc_game_29076&region_id=ac3f85c1-7562-437e-b125-e89576b9a38e&offer_id=33511654,Min. 1,497,126.00,USD,BoostRoom,"⭐ SERVICE / PRODUCT DETAILS ⭐ |  | Once you made the order please message us via G2G chat to proceed with start and delivery. |  | The service will start as soon as possible after you make the purchase. | For any additional info please contact us via our website Live Chat, thanks in advance |  | ⭐ ABOUT BOOSTROOM (OUR TEAM) ⭐ |  | We are a well organized and highly professional boosting group of top skilled players. | Almost 10 years of experience in helping our buyers to achieve desired things in games. | Our goal is to provide and maintain top quality service and fair prices on the market. |  |  | ⭐ OUR RULES ⭐ |  | Only the best boosters will be assigned to complete your order. | We will take all measurements to increase the safety of the boost. | Every order will be finished via 100% handmade legit play. | In case of problems, BoostRoom will always sort them out. |  |  | ⭐ AVAILABILITY ⭐ |  | Boostroom customer support is available 24/7 during the entire year. | You can contact us at any time via G2G chat. | We are very friendly but at the same time professional to ensure the best service and buyer's satisfaction. | Don't hesitate to message us and ask anything you are looking for. |  |  | ⭐ OUR SERVICES ⭐ |  | You can check all our offers on our store link. |  | All games / All offers: | https://www.g2g.com/BoostRoom/store |  |  | ⭐ DISCOUNTS ⭐ |  | We value and respect every returning customer. | Therefore we often make a great discount to our loyal buyers. | Build relations and trust with BoostRoom for awesome deals and even better prices."
⚡ [Cataclysm] PvP / Full Honor Gear - Ruthless Gladiator Set / 100% Handmade [+VPN] ⚡,https://www.g2g.com/offer/---Cataclysm--PvP---Full-Honor-Gear---Ruthless-Gladiator-Set---100--Handmade---VPN---?service_id=lgc_service_18&brand_id=lgc_game_29076&region_id=ac3f85c1-7562-437e-b125-e89576b9a38e&offer_id=33631692,Min. 1,1.1k,26.99,USD,WowMarket,"Cataclysm Arena Blue Set boost to get a full blue set of arena gear for your character, with Ruthless Gladiator being a current S10 set to get. Our PvP professionals will lead your character through dozens of Arena battles and get you a guaranteed gear set as quickly as possible."
Cataclysm | 1-85 Powerleveling | Fast 24/7,https://www.g2g.com/offer/Cataclysm---1-85-Powerleveling---Fast-24-7?service_id=lgc_service_18&brand_id=lgc_game_29076&region_id=dfced32f-2f0a-4df5-a218-1e068cfadffa&offer_id=35463761,Min. 1,99.9k,122.25,USD,CNLTeam,"✨Elevate Your Gaming with CNL Team |  | ➤Unleash your gaming potential with CNL Team Services! Our expert team ensures fast, secure, and tailored boosts for a range of titles. |  | ➤Benefit from our 24/7 support, experienced gamers, and custom packages. Achieve your gaming goals effortlessly |  | Choose CNL Team Services for a victory-filled journey! ✨ |  | ✨Ways of boosting: | ➤ Account sharing / piloted only |  | ✦Everything goes via G2G site. | ✦Message me in the chat G2G before ordering please. |  | ➤What you will get: | *Character Leveled | *Alots of Experiencesretai/Currencies |  | You can visit our store for more services: https://www.g2g.com/CNLTeam"
Cataclysm | 80-85 Powerleveling | Fast 24/7,https://www.g2g.com/offer/Cataclysm---80-85-Powerleveling---Fast-24-7?service_id=lgc_service_18&brand_id=lgc_game_29076&region_id=dfced32f-2f0a-4df5-a218-1e068cfadffa&offer_id=65146616,Min. 1,1,40.00,USD,CNLTeam,"✨Elevate Your Gaming with CNL Team |  | ➤Unleash your gaming potential with CNL Team Services! Our expert team ensures fast, secure, and tailored boosts for a range of titles. |  | ➤Benefit from our 24/7 support, experienced gamers, and custom packages. Achieve your gaming goals effortlessly |  | Choose CNL Team Services for a victory-filled journey! ✨ |  | ✨Ways of boosting: | ➤ Account sharing / piloted only |  | ✦Everything goes via G2G site. | ✦Message me in the chat G2G before ordering please. |  | ➤What you will get: | *Character Leveled | *Alots of Experiencesretai/Currencies |  | You can visit our store for more services: https://www.g2g.com/CNLTeam"
Profession Leveling | Mining | 1-375,https://www.g2g.com/offer/Profession-Leveling---Mining---1-375?service_id=lgc_service_18&brand_id=lgc_game_29076&region_id=ac3f85c1-7562-437e-b125-e89576b9a38e&offer_id=70283917,Min. 1,999,15.02,USD,CNLTeam,"⭐ Welcome to CNLTeam ⭐ |  | ✨Are you tired of searching for the best build? | ✨Here you can find the cheapest Woltk boosting services available. | ✨We'll help you whether you're looking to buy Woltk boosting for your character or get a build service or dungeon carry, powerleveling, or farm. | ✨Buy your Woltk carry, book a slot in our live chat, and enjoy Woltk service! | ✨Our online support team is available 24/7. |  | ⭐Our POE Boosting Services Available⭐ | ✨Leveling: | ✅Level from: 1-60-70-80 | Or any custom level range |  | ✨ Professions Level Boost | ✨ Gear Boost | ✨ Raids | ✨Dungeons |  |  | *For any custom service, feel free to DM us. | *Thank you for choosing us, hope to work with you!"
Profession Leveling | Herbalism | 1-375,https://www.g2g.com/offer/Profession-Leveling---Herbalism---1-375?service_id=lgc_service_18&brand_id=lgc_game_29076&region_id=ac3f85c1-7562-437e-b125-e89576b9a38e&offer_id=70283918,Min. 1,999,15.02,USD,CNLTeam,"⭐ Welcome to CNLTeam ⭐ |  | ✨Are you tired of searching for the best build? | ✨Here you can find the cheapest Woltk boosting services available. | ✨We'll help you whether you're looking to buy Woltk boosting for your character or get a build service or dungeon carry, powerleveling, or farm. | ✨Buy your Woltk carry, book a slot in our live chat, and enjoy Woltk service! | ✨Our online support team is available 24/7. |  | ⭐Our POE Boosting Services Available⭐ | ✨Leveling: | ✅Level from: 1-60-70-80 | Or any custom level range |  | ✨ Professions Level Boost | ✨ Gear Boost | ✨ Raids | ✨Dungeons |  |  | *For any custom service, feel free to DM us. | *Thank you for choosing us, hope to work with you!"
Profession Leveling | Skinning | 1-375,https://www.g2g.com/offer/Profession-Leveling---Skinning---1-375?service_id=lgc_service_18&brand_id=lgc_game_29076&region_id=ac3f85c1-7562-437e-b125-e89576b9a38e&offer_id=70283919,Min. 1,999,15.02,USD,CNLTeam,"⭐ Welcome to CNLTeam ⭐ |  | ✨Are you tired of searching for the best build? | ✨Here you can find the cheapest Woltk boosting services available. | ✨We'll help you whether you're looking to buy Woltk boosting for your character or get a build service or dungeon carry, powerleveling, or farm. | ✨Buy your Woltk carry, book a slot in our live chat, and enjoy Woltk service! | ✨Our online support team is available 24/7. |  | ⭐Our POE Boosting Services Available⭐ | ✨Leveling: | ✅Level from: 1-60-70-80 | Or any custom level range |  | ✨ Professions Level Boost | ✨ Gear Boost | ✨ Raids | ✨Dungeons |  |  | *For any custom service, feel free to DM us. | *Thank you for choosing us, hope to work with you!"
Profession Leveling | Inscription | 1-375,https://www.g2g.com/offer/Profession-Leveling---Inscription---1-375?service_id=lgc_service_18&brand_id=lgc_game_29076&region_id=ac3f85c1-7562-437e-b125-e89576b9a38e&offer_id=70283920,Min. 1,999,15.02,USD,CNLTeam,"⭐ Welcome to CNLTeam ⭐ |  | ✨Are you tired of searching for the best build? | ✨Here you can find the cheapest Woltk boosting services available. | ✨We'll help you whether you're looking to buy Woltk boosting for your character or get a build service or dungeon carry, powerleveling, or farm. | ✨Buy your Woltk carry, book a slot in our live chat, and enjoy Woltk service! | ✨Our online support team is available 24/7. |  | ⭐Our POE Boosting Services Available⭐ | ✨Leveling: | ✅Level from: 1-60-70-80 | Or any custom level range |  | ✨ Professions Level Boost | ✨ Gear Boost | ✨ Raids | ✨Dungeons |  |  | *For any custom service, feel free to DM us. | *Thank you for choosing us, hope to work with you!"
Profession Leveling | Alchemy | 1-375,https://www.g2g.com/offer/Profession-Leveling---Alchemy---1-375?service_id=lgc_service_18&brand_id=lgc_game_29076&region_id=ac3f85c1-7562-437e-b125-e89576b9a38e&offer_id=70283923,Min. 1,998,15.02,USD,CNLTeam,"⭐ Welcome to CNLTeam ⭐ |  | ✨Are you tired of searching for the best build? | ✨Here you can find the cheapest Woltk boosting services available. | ✨We'll help you whether you're looking to buy Woltk boosting for your character or get a build service or dungeon carry, powerleveling, or farm. | ✨Buy your Woltk carry, book a slot in our live chat, and enjoy Woltk service! | ✨Our online support team is available 24/7. |  | ⭐Our POE Boosting Services Available⭐ | ✨Leveling: | ✅Level from: 1-60-70-80 | Or any custom level range |  | ✨ Professions Level Boost | ✨ Gear Boost | ✨ Raids | ✨Dungeons |  |  | *For any custom service, feel free to DM us. | *Thank you for choosing us, hope to work with you!"
Profession Leveling | Enchanting | 1-375,https://www.g2g.com/offer/Profession-Leveling---Enchanting---1-375?service_id=lgc_service_18&brand_id=lgc_game_29076&region_id=ac3f85c1-7562-437e-b125-e89576b9a38e&offer_id=70283924,Min. 1,997,15.02,USD,CNLTeam,"⭐ Welcome to CNLTeam ⭐ |  | ✨Are you tired of searching for the best build? | ✨Here you can find the cheapest Woltk boosting services available. | ✨We'll help you whether you're looking to buy Woltk boosting for your character or get a build service or dungeon carry, powerleveling, or farm. | ✨Buy your Woltk carry, book a slot in our live chat, and enjoy Woltk service! | ✨Our online support team is available 24/7. |  | ⭐Our POE Boosting Services Available⭐ | ✨Leveling: | ✅Level from: 1-60-70-80 | Or any custom level range |  | ✨ Professions Level Boost | ✨ Gear Boost | ✨ Raids | ✨Dungeons |  |  | *For any custom service, feel free to DM us. | *Thank you for choosing us, hope to work with you!"
Profession Leveling | Blacksmithing | 1-375,https://www.g2g.com/offer/Profession-Leveling---Blacksmithing---1-375?service_id=lgc_service_18&brand_id=lgc_game_29076&region_id=ac3f85c1-7562-437e-b125-e89576b9a38e&offer_id=70283925,Min. 1,998,15.02,USD,CNLTeam,"⭐ Welcome to CNLTeam ⭐ |  | ✨Are you tired of searching for the best build? | ✨Here you can find the cheapest Woltk boosting services available. | ✨We'll help you whether you're looking to buy Woltk boosting for your character or get a build service or dungeon carry, powerleveling, or farm. | ✨Buy your Woltk carry, book a slot in our live chat, and enjoy Woltk service! | ✨Our online support team is available 24/7. |  | ⭐Our POE Boosting Services Available⭐ | ✨Leveling: | ✅Level from: 1-60-70-80 | Or any custom level range |  | ✨ Professions Level Boost | ✨ Gear Boost | ✨ Raids | ✨Dungeons |  |  | *For any custom service, feel free to DM us. | *Thank you for choosing us, hope to work with you!"
Profession Leveling | Engineering | 1-375,https://www.g2g.com/offer/Profession-Leveling---Engineering---1-375?service_id=lgc_service_18&brand_id=lgc_game_29076&region_id=ac3f85c1-7562-437e-b125-e89576b9a38e&offer_id=70283926,Min. 1,998,15.02,USD,CNLTeam,"⭐ Welcome to CNLTeam ⭐ |  | ✨Are you tired of searching for the best build? | ✨Here you can find the cheapest Woltk boosting services available. | ✨We'll help you whether you're looking to buy Woltk boosting for your character or get a build service or dungeon carry, powerleveling, or farm. | ✨Buy your Woltk carry, book a slot in our live chat, and enjoy Woltk service! | ✨Our online support team is available 24/7. |  | ⭐Our POE Boosting Services Available⭐ | ✨Leveling: | ✅Level from: 1-60-70-80 | Or any custom level range |  | ✨ Professions Level Boost | ✨ Gear Boost | ✨ Raids | ✨Dungeons |  |  | *For any custom service, feel free to DM us. | *Thank you for choosing us, hope to work with you!"
Profession Leveling | Jewelcrafting | 1-375,https://www.g2g.com/offer/Profession-Leveling---Jewelcrafting---1-375?service_id=lgc_service_18&brand_id=lgc_game_29076&region_id=ac3f85c1-7562-437e-b125-e89576b9a38e&offer_id=70283927,Min. 1,999,15.02,USD,CNLTeam,"⭐ Welcome to CNLTeam ⭐ |  | ✨Are you tired of searching for the best build? | ✨Here you can find the cheapest Woltk boosting services available. | ✨We'll help you whether you're looking to buy Woltk boosting for your character or get a build service or dungeon carry, powerleveling, or farm. | ✨Buy your Woltk carry, book a slot in our live chat, and enjoy Woltk service! | ✨Our online support team is available 24/7. |  | ⭐Our POE Boosting Services Available⭐ | ✨Leveling: | ✅Level from: 1-60-70-80 | Or any custom level range |  | ✨ Professions Level Boost | ✨ Gear Boost | ✨ Raids | ✨Dungeons |  |  | *For any custom service, feel free to DM us. | *Thank you for choosing us, hope to work with you!"
Profession Leveling | Leatherworking | 1-375,https://www.g2g.com/offer/Profession-Leveling---Leatherworking---1-375?service_id=lgc_service_18&brand_id=lgc_game_29076&region_id=ac3f85c1-7562-437e-b125-e89576b9a38e&offer_id=70283929,Min. 1,999,15.02,USD,CNLTeam,"⭐ Welcome to CNLTeam ⭐ |  | ✨Are you tired of searching for the best build? | ✨Here you can find the cheapest Woltk boosting services available. | ✨We'll help you whether you're looking to buy Woltk boosting for your character or get a build service or dungeon carry, powerleveling, or farm. | ✨Buy your Woltk carry, book a slot in our live chat, and enjoy Woltk service! | ✨Our online support team is available 24/7. |  | ⭐Our POE Boosting Services Available⭐ | ✨Leveling: | ✅Level from: 1-60-70-80 | Or any custom level range |  | ✨ Professions Level Boost | ✨ Gear Boost | ✨ Raids | ✨Dungeons |  |  | *For any custom service, feel free to DM us. | *Thank you for choosing us, hope to work with you!"
Profession Leveling | Tailoring | 1-375,https://www.g2g.com/offer/Profession-Leveling---Tailoring---1-375?service_id=lgc_service_18&brand_id=lgc_game_29076&region_id=ac3f85c1-7562-437e-b125-e89576b9a38e&offer_id=70283930,Min. 1,999,15.02,USD,CNLTeam,"⭐ Welcome to CNLTeam ⭐ |  | ✨Are you tired of searching for the best build? | ✨Here you can find the cheapest Woltk boosting services available. | ✨We'll help you whether you're looking to buy Woltk boosting for your character or get a build service or dungeon carry, powerleveling, or farm. | ✨Buy your Woltk carry, book a slot in our live chat, and enjoy Woltk service! | ✨Our online support team is available 24/7. |  | ⭐Our POE Boosting Services Available⭐ | ✨Leveling: | ✅Level from: 1-60-70-80 | Or any custom level range |  | ✨ Professions Level Boost | ✨ Gear Boost | ✨ Raids | ✨Dungeons |  |  | *For any custom service, feel free to DM us. | *Thank you for choosing us, hope to work with you!"
Profession Leveling | Mining | 1-450,https://www.g2g.com/offer/Profession-Leveling---Mining---1-450?service_id=lgc_service_18&brand_id=lgc_game_29076&region_id=ac3f85c1-7562-437e-b125-e89576b9a38e&offer_id=70283935,Min. 1,99,15.33,USD,CNLTeam,"⭐ Welcome to CNLTeam ⭐ |  | ✨Are you tired of searching for the best build? | ✨Here you can find the cheapest Woltk boosting services available. | ✨We'll help you whether you're looking to buy Woltk boosting for your character or get a build service or dungeon carry, powerleveling, or farm. | ✨Buy your Woltk carry, book a slot in our live chat, and enjoy Woltk service! | ✨Our online support team is available 24/7. |  | ⭐Our POE Boosting Services Available⭐ | ✨Leveling: | ✅Level from: 1-60-70-80 | Or any custom level range |  | ✨ Professions Level Boost | ✨ Gear Boost | ✨ Raids | ✨Dungeons |  |  | *For any custom service, feel free to DM us. | *Thank you for choosing us, hope to work with you!"
Profession Leveling | Herbalism | 1-450,https://www.g2g.com/offer/Profession-Leveling---Herbalism---1-450?service_id=lgc_service_18&brand_id=lgc_game_29076&region_id=ac3f85c1-7562-437e-b125-e89576b9a38e&offer_id=70283936,Min. 1,999,15.33,USD,CNLTeam,"⭐ Welcome to CNLTeam ⭐ |  | ✨Are you tired of searching for the best build? | ✨Here you can find the cheapest Woltk boosting services available. | ✨We'll help you whether you're looking to buy Woltk boosting for your character or get a build service or dungeon carry, powerleveling, or farm. | ✨Buy your Woltk carry, book a slot in our live chat, and enjoy Woltk service! | ✨Our online support team is available 24/7. |  | ⭐Our POE Boosting Services Available⭐ | ✨Leveling: | ✅Level from: 1-60-70-80 | Or any custom level range |  | ✨ Professions Level Boost | ✨ Gear Boost | ✨ Raids | ✨Dungeons |  |  | *For any custom service, feel free to DM us. | *Thank you for choosing us, hope to work with you!"
Profession Leveling | Skinning | 1-450,https://www.g2g.com/offer/Profession-Leveling---Skinning---1-450?service_id=lgc_service_18&brand_id=lgc_game_29076&region_id=ac3f85c1-7562-437e-b125-e89576b9a38e&offer_id=70283939,Min. 1,99,15.33,USD,CNLTeam,"⭐ Welcome to CNLTeam ⭐ |  | ✨Are you tired of searching for the best build? | ✨Here you can find the cheapest Woltk boosting services available. | ✨We'll help you whether you're looking to buy Woltk boosting for your character or get a build service or dungeon carry, powerleveling, or farm. | ✨Buy your Woltk carry, book a slot in our live chat, and enjoy Woltk service! | ✨Our online support team is available 24/7. |  | ⭐Our POE Boosting Services Available⭐ | ✨Leveling: | ✅Level from: 1-60-70-80 | Or any custom level range |  | ✨ Professions Level Boost | ✨ Gear Boost | ✨ Raids | ✨Dungeons |  |  | *For any custom service, feel free to DM us. | *Thank you for choosing us, hope to work with you!"
